あいあむぱんだ	あいあむぱんだ
あいおいあい	相生あい
あいさかしう	藍坂しう
あいさかしう	藍坂しう
あいじろなぎ	藍白凪
あいすれもな	愛栖れもな
あいちぇる	あいちぇる
あいなぎみい	藍凪みい
あいばちはる	愛場チハル
あいらてぃりー	天藍ティリー
あうりん	あうりん
あおいいぬ	あおいいぬ
あおいそら	蒼依宙
あおいまこ	あおいまこ
あおきかき	青木カーキ
あおとゆりな	碧音ゆりな
あおねかのん	蒼音カノン
あおみやもなか	碧宮もなか
あかいとみこと	赤糸みこと
あかいはあと	赤井はあと
あかつきほたる	暁月ホタル
あかつきまり	灯月真理
あかねあすか	茜あすか
あくびでもんすぺーど	あくびでもんすぺーど
あさがやりん	阿佐谷リン
あさそらおきる	朝空おきる
あすあすゆら	あすあすゆら
あずき	あずき
あたりつづく	与璃つづく
あぬびすとーん	あぬびすとーん
あまいひびき	甘井ひびき
あまかみこのみ	甘狼このみ
あませあめいず	天瀬アメイズ
あまなりじゅい	甘成じゅい
あまねみこと	天猫みこと
あまのぴかみぃ	天野ピカミィ
あまはねまな	あまはねまな
あまはるりら	天春りら
あままふうか	甘魔フウカ
あまりすず	甘凛すず
あめ	雨芽
あめいろばにら	雨色ばにら
あめみやあゆね	雨宮愛結猫
あめみやつゆり	雨宮ツユリ
あめめんこ	あめめんこ
あやたかあかり	綾鷹あかり
あらいりく	新井麗琥
あるじちみ	あるじちみ
あわいえり	あわいえり
あわすずみる	泡清みる
あんしんいんみさ	安心院みさ
あんどゆげ	杏戸ゆげ
あーる	あーる
いえなちゃん	いえなちゃん
いずきみちる	井月みちる
いちごぷりん	いちごぷりん
いちごみうく	いちごみうく
いちじょうりりか	一条莉々華
いっしんふらん	壱神ふらん
いぬえもん	イヌえもん
いぬがみころね	戌神ころね
いまさきけい	今咲ケイ
いもとしのはいしんへや	イモトシの配信部屋
いもにゃん	いもにゃん
いるまねる	入間ねる
いろりいろは	いろりいろは
いーしぇん	依璇
ういちゃんなの	ういちゃんなの
うえきがじゅまる	植木がじゅまる
うえとあぺり	上戸アペリ
うえみねのるじゅ	植峰ノルジュ
うさだぺこら	兎田ぺこら
うさはなあゆむ	うさはなあゆむ
うさみゆの	宇佐美ユノ
うさらいと	うさらいと
うさりゆに	うさりゆに
うずきあわい	渦記アワイ
うつみ	うつみ
うつみりん	宇津見りん
うにちゃんねる	うにちゃん寝る
うのはなののち	兎ノ花ののち
うみのうた	うみのうた
うみべしなの	海辺しなの
うりりぃ	うりりぃ
えっちゃんっ	えっちゃんっ
えのきのこ	えのきのこ
おうりゅうりく	応龍りく
おおかみみお	大神ミオ
おおぞらすばる	大空スバル
おかしのかん	おかしのかん
おちないいなほ	落乃いなほ
おちの	おちの
おとぎあず	乙伽あず
おとさたあんな	音沙汰あんな
おとね	音音
おとのせかなで	音乃瀬奏
おとはみなみ	音葉みなみ
おとみかなで	音海かなで
おにのめる	鬼ノめる
おにゃんこさま	おにゃんこ様
おはなみあんこ	お花見あんこ
おぼろこま	尾幌こま
おまるぽるか	尾丸ポルカ
おむくみ	おむくみ
おもちたむ	王猛ちたむ
おわりのむくろ	終末むくろ
かいおんえびこ	海音えびこ
かいどうてん	回胴てん
かがりやれんま	火狩夜れんま
かげつなる	華月鳴
かげろうあいと	影狼アイト
かざまいろは	風真いろは
かしこいわんこ	かしこいワンコ
かしこまり	かしこまり
かしまあかり	鹿島あかり
かしまじぎたりす	鹿島ジギタリス
かずうちあたる	数打あたる
かぜぐすり	かぜぐすり
かぜしろゆき	風白ゆき
かたわぎ	片和木
かちゅう	かちゅう
かっとまんです	カットマンです
かふうしんま	珈風シンマ
かぷりんこ	かぷりんこ
かもみかもみ	鴨見カモミ
からすばこめまる	鴉羽米丸
かんばらりあ	神原リア
ききららびび	綺々羅々ヴィヴィ
きさきれい	紀咲れい
きさらぎみゅ	如月海結
きのずみそたろう	木鼠そたろう
きゃろちゃんねる	キャロちゃんねる
きゅうけつきあり	吸血きあり
きゅうしゅうはしる	九州ハシル
きょん	虚雀きょん
きよらかふわり	明鏡止水ふわり
きらほえる	吉良ほえる
きりゅうここ	桐生ココ
きんかんひじき	金環ひじき
ぎゃるかん	ぎゃるかん
くじくじあ	久慈くじあ
くすのきとおる	楠木トヲル
くすらど	久栖ラド
くまこいべりぃ	熊恋べりぃ
くまちゃんねる	くまちゃんねる
くまのくみ	熊乃くみ
くまのにい	くまのにい
くもたつい	雲多つい
くらげそら	海月そら
くるりきの	くるりきの
くるるてんてー	くるるてんてー
くれあしゅり	紅愛しゅり
くれはまだい	紅波マダイ
くろかげみあ	黒鹿毛ミア
くろさきたいが	黒崎タイガ
くろさきゆかり	黒咲ゆかり
ぐんじょうろまん	群青ロマン
けろちゃんだぞ	けろちゃんだぞ
げんとうぱんぷ	幻灯ぱんぷ
こがねまあじ	黄金マアジ
こげたま	こげたま
ここる	ここる
こずみありさ	心摘ありさ
こせきびじゅう	古石ビジュー
ことみやいおり	琴宮いおり
このみやあおい	このみやあおい
こめっとちゃ	こめっとちゃ
こもりぎん	こもりぎん
こゆき	こゆき
こんぶにこむ	昆布にこむ
ごんざれすみれな	ゴンザレスみれな
さかまたくろえ	沙花叉クロヱ
さくらみこ	さくらみこ
さささきゆき	佐々咲ユキ
ささささみ	ささささみ
さつきほたる	咲月ほたる
さとうあにめ	佐藤あにめ
さとうらむね	佐藤らむね
ざしきのわらく	座敷乃笑ク
しおぐらむ	しおぐらむ
しおこうじ	しおこうじ
しがねる	志賀ねる
しきもりことり	四季森ことり
ししがみれおな	獅子神レオナ
ししがみれおな	獅子神レオナ
ししろぼたん	獅白ぼたん
しそなっとう	しそ納豆
しちじょうながれ	七条ながれ
しちはちぷてら	漆八ぷてら
しでんらいむ	紫電ライム
しとりきこ	しとりきこ
しもん	史門
しゃれこうべほねまろ	しゃれこうべホネまろ
しゅうしょううつつ	周章うつつ
しらかみふぶき	白上フブキ
しらさきすのう	白咲スノー
しらさきぱりむ	白咲ぱりむ
しらせすいな	白瀬スイナ
しらぬいふれあ	不知火フレア
しらほしあわわ	白星あわわ
しらぽん	紫蘭ポン
しろがねのえる	白銀ノエル
しろがねりゅぜ	白鐘リュゼ
しろきらくと	城綺來玖
しろの	しろの
しーはむ	しーはむ
しーらたそ	シーラたそ
じとみものえ	磁富モノエ
じゅうふうていらでん	儒烏風亭らでん
すいおんあめ	翠音あめ
すいせいすぴな	穂星スピナ
すいらんがう	翠狼がう
すかぽんぽこぽん	すかぽんぽこぽん
すきやばしれんげ	数寄屋橋れんげ
すくたれ	すくたれ
すずね	すずね
すずのねろぺ	鈴乃音ロペ
すずめどん	すずめどん
すたーべあ	すたーべあ
すまどの	すまどの
ずいほういんはがね	瑞鳳院はがね
せなちろる	瀬名ちろる
せりなずにゃ	せりなずにゃ
せれーね	せれーね
せんこつ	せんこつ
せんしばんこう	千紫万紅
せんにんてー	仙人亭
ぜんがくさんぱろう	善額サンパロー
そうだこすも	爽田こすも
そうみょうしおん	双猫しおん
そなたああああああ	そなたああああああ
そらゆめなつき	空夢ナツキ
たいようまる	たいようまる
たうたゆくも	朶詩ゆくも
たかあしがにぴーす	高足蟹ぴーす
たかなしきあら	小鳥遊キアラ
たかねるい	鷹嶺ルイ
たちみぼしまきり	辰星マキリ
たてわきいでら	帯刀イデラ
たまもちかずよ	玉餅かずよ
ちぃぬな	ちぃぬな
ちとせあるた	千歳アルタ
ちとせちゃむ	千愛ちゃむ
ちとせです	ちとせです
ちねんせいら	智念せいら
ちゃこりぐれ	茶氷グレ
ちゃちゃまるちゃる	茶々丸ちゃる
ちゃーず	ちゃーず
ちゃーちゃん	ちゃーちゃん
ちょこみ	ちょこみ
ちょものはいしん	ちょもの配信
ちーちゃんん	ちーちゃんん
つきあめせいか	月雨セイカ
つきがみれん	月皇レン
つきとらび	月兎らび
つきのおとかのん	月ノ音かのん
つきのるか	月乃るか
つきみやゆむ	月宮ゆむ
つきよいあび	月宵あび
つくしありあ	月紫アリア
つくもさな	九十九佐命
つのまきわため	角巻わため
つゆりいろ	栗花落いろ
てぃるちゃんねる	てぃるちゃんねる
ていおんかさね	蹄音かさね
てと	海ヶ咲てと
てんしさたん	天使サたん
でうす	でうす
でみたす	でみたす
とあっっ	とあっっ
とおこ	とおこ
とおのおと	透乃おと
とかげめい	蜥影メイ
とがりせにゃ	尖苅せにゃ
ときはしう	時羽しう
ときろわたる	時路ワタル
とこやみとわ	常闇トワ
とどろきとま	轟冬真
とどろきはじめ	轟はじめ
とばりら	計羽リーラ
とまちょむ	とまちょむ
ともちんぴ	ともちんぴ
どうめきゆえん	百目鬼ユエン
どらごのげえむとざつだん	ドラゴのゲームと雑談
なかむらぬるぴ	中村ぬるぴ
なかもとおまち	なかもとおまち
なかもとちゃん	なかもとちゃん
なすまつり	ナス祭り
なついろまつり	夏色まつり
なつかわひのり	夏河ひのり
なつきすず	夏樹すず
なつみやらむね	夏宮らむね
なつめせんせい	なつめ先生
ななきす	ななきす
ななしむめい	七詩ムメイ
ななはぴ	ななはぴ
なまほしちゃん	なまほしちゃん
なみあやせな	波綾セナ
なるこらいち	鳴子ライチ
なるせりん	成瀬凛
にいた	ニー太
にしのみやふさぎ	西宮フサギ
にゃのさま	にゃのさま
にゃほろばとばり	猫滅刃とばり
にらかめ	にらかめ
ぬく	ぬく
ねおぴんく	ねおぴんく
ねけまる	ねけまる
ねこあいす	ねこあいす
ねこかいみなと	猫飼ミナト
ねこかわきらり	猫川きらり
ねこさんだよ	ねこさんだよ
ねこはゆけむり	猫羽ゆけむり
ねこまたおかゆ	猫又おかゆ
ねこみずなーこ	猫水なーこ
ねこみずみかん	猫水みかん
ねこみやおもち	猫宮おもち
ねこみやにゃぽち	猫宮にゃぽち
ねこめぐんそう	ねこめぐんそう
ねこめっしゅ	ねこめっしゅ
ねこやまぽーら	猫山ポーラ
ねこらにゃる	猫雷にゃる
ねころんぱん	ねころんぱん
ねごとどれみ	音琴どれみ
ねっこちゃん	ネッコちゃん
のなめっくす	のなめっくす
のののにに	野々乃にに
はいいろ	はい_いろ_
はいぱーあんこ	ハイパーあんこ
はかないるびぃ	儚依るびぃ
はがまちつまみ	羽ヶ町つまみ
はぎやのあ	はぎやのあ
はくいこより	博衣こより
はすみしおり	羽澄しおり
はたたてふうか	旗立ふうか
はちえもん	はちえもん
はっかめんた	薄荷めんた
はっかやで	はっかやで
はづきちろる	羽月ちろる
はとぽっぽ	はとぽっぽ
はなかげりな	花影りな
はなかなた	はなかなた
はながさあるみ	花傘あるみ
はなざわなこ	華澤なこ
はなぞのさやか	花園さやか
はなぞのみんと	花園みんと
はなみやかるた	花宮かるた
はねうずみうねる	羽渦ミウネル
はねざかあかね	羽坂あかね
はねりこ	はねりこ
はむむま	はむむま
はむらいは	羽夢らいは
はりちゃ	はりちゃ
はるさきのどか	春先のどか
はるたにみさき	春谷実咲
はるやまきんぐだむ	春山キングダム
はれのうる	晴野うる
ばけちん	ばけちん
ばぢ	ばぢ
ぱにーに	ぱにーに
ぱぺっとがうちゃん	ぱぺっとがうちゃん
ぱわぁぱふこだま	ぱわぁぱふこだま
ひさきゆう	ひさきゆう
ひしもちのら	菱餅ノーラ
ひじきのごはん	ひじきのごはん
ひだまりのは	陽珠リノハ
ひなさきゅ	ひなサキュ
ひなせつきは	日名瀬つきは
ひなたあり	陽葵アリ
ひのみやひまり	緋ノ宮ヒマリ
ひまもりぽた	向日守ぽた
ひめきゃっと	ひめきゃっと
ひめもりるうな	姫森ルーナ
ひーたそ	ひーたそ
びびちゃんだよ	ビビちゃんだよ
ぴいぬな	ぴいぬな
ぴょぬこ	ぴょぬこ
ぴょむ	ぴょむ
ぴろりげむず	ぴろりゲームズ
ふたあいしぃあ	二藍しぃあ
ふゆうみかごめ	冬海かごめ
ぶるしゃと	ぶるしゃと
へこたれるな	凹太れるな
べにを	べにを
べむ	べむ
ぺたにーる	ぺたにーる
ほうしょうまりん	宝鐘マリン
ほうづみいなり	八月朔日いなり
ほしかげらぴす	星影ラピス
ほしくずぷらね	星屑ぷらね
ほしのにあ	星野ニア
ほしばおんぷ	星喰おんぷ
ほしまちすいせい	星街すいせい
ほしみくり	星衣未空莉
ほんだぽこ	本多ぽこ
ぼくじゅーるすずり	ボクジュールすずり
ぼっちやぎちゃん	ぼっちやぎちゃん
ぽてぃこ	ぽてぃこ
ぽぴんく	ぽぴんく
ぽめにあ	ぽめにあ
ぽんちめん	ぽんちめん
まいくろさんだよ	まいくろさんだよ
まいまぃ	まいまぃ
まきぴ	まきぴ
まぐまぐです	まぐまぐです
まけなしぐぬぬ	常勝無敗ぐぬぬ
まごもまごもり	孫守まごも
またあしたね	またあしたね
まつよいつくし	待宵つくし
まどろみちの	微睡いちの
まなせもあ	愛瀬もあ
まなんぐ	まなんぐ
まねこののあ	魔猫ノのあ
まめこな	豆こな
まよなかまよい	迷夜中マヨイ
まるなのだっ	まるなのだッ
みあえる	みあえる
みぃぽん	みぃぽん〇
みいぽこ	みいぽこ
みかみこん	巫神こん
みく	巫狗
みこしばかきょう	御子柴かきょう
みしおもるふ	海汐もるふ
みずいろあくあ	水色あくあ
みずかみそうた	水上蒼太
みずみやす	水宮枢
みたぐん	みぃ太軍
みつきゆきの	美月ユキノ
みつきりんご	みつきりんご
みつばちはにちゃん	みつばちはにちゃん
みつばちゃん	みつばちゃん
みつみ	みつみ_
みなかみやまめ	水上やまめ
みなみうみ	水波うみ
みなみちゃんねる	ミナミちゃんねる
みゆぱん	みゆぱん
みーこ	みーこ
むちまる	むちまる
めこさま	めこさま
めしあくん	メシア君
めちゃんまん	めちゃんまん
めとめあう	銘兎目あう
めとめあう	銘兎目あう
めめたんちゃん	めめたんちゃん
めもあ	めもあ
めろんちゃ	めろんちゃ
もこたん	もこたん
もずくまる	もずくまる
もちこ	餅星もちこ
もちつけぬるぽ	餅付ぬるぽ
もちぬこもちせいじん	もちぬこもち星人
もちのさや	餅乃さや
もちもちぃ	もちもちぃ
もちゆず	もちゆず
もっちーもちもち	もっちーもちもち
もつく	もつく
ももかわにじます	桃川ニジマス
ももかん	ももかん
ももすずねね	桃鈴ねね
ももぞのりえる	桃園りえる
ももはなすい	桃花スイ
ももはねひでまる	桃羽ひでまる
ももひななの	桃雛なの
もりかりおぺ	森カリオペ
もりずきよつば	森月よつば
もりのめるん	森野めるん
やかましいろは	喧詩いろは
やがみりりか	八神りりか
やぎのめぇ	八木ノめぇ
やくしのしの	薬師乃しの
やしまゆえ	やしまゆえ
やなぎもとひすい	柳本翡翠
やなちひめ	やなちひめ
やなふ	やなふ
ゆきのこゆり	雪乃恋莉
ゆきふくまる	ゆきふくまる
ゆきみやひいろ	雪宮ひいろ
ゆきめるみ	雪芽るみ
ゆきめるみ	雪芽るみ
ゆずきさみぃ	結月さみぃ
ゆずねのあ	柚音ノア
ゆずはにー	ゆずはにー
ゆっきんだよ	ゆっきんだよ
ゆづきちょこ	癒月ちょこ
ゆなっこ	ゆなっこ
ゆに	ゆに
ゆぴらし	ゆぴらし
ゆめかわ	夢河
ゆめみむむ	夢見むむ
ゆめみやはるか	夢宮春歌
ゆもちょむ	ゆもちょむ
ゆゆゆら	幽々ゆら
ゆらぎゆら	ゆらぎゆら
よいさめりと	宵雨りと
よいまちつき	宵待ツキ
よかぐらびゃっこ	夜神楽ビャッコ
よしだくりこ	吉田クリコ
よすみかく	よすみカク
よらのやや	夜来やや
らにっくす	らにっくす
らむべりぃ	らむべりぃ
らんきゃん	らんきゃん
らんれい	蘭麗(Ranrei)
りえぺこ	りえぺこ
りこ	りこ
りこぴんーーー	りこぴんーーー
りなぴこんちょす	りなぴこんちょす
りゅうがはまゆえ	龍ヶ浜ゅぇ
りゅうたきいろは	竜滝いろは
りゅんりゅん	りゅんりゅん
りょうこくつかさ	領国つかさ
りりか	りりか
りんごすい	りんご水
りんどうちはや	輪堂千速
りんまろ	りんまろ
りんめいめい	林苺苺
りーのすけのすけ	りーのすけのすけ
るい	琴坂るい
るおんです	るおんです
るかこっこ	るかこっこ
るき	琉希
るなせんしゅ	るなせんしゅ
るり	瑠莉_
るーしえる	るーしえる
るーちゃん	るーちゃん
るーるるるたぁあん	るーるるるたぁあん
れうちゃん	れうちゃん
れこまる	れこまる
れなまるてぃ	れなまるてぃ
れみかりちゅまおう	レミかりちゅま王
ろあさまだ	ろあさまだ
ろなしー	ろなしー
ろんげちゃん	ろんげちゃん
わたみやあひる	綿宮あひる
んとちゃん	んとちゃん
