あいあむぱんだ,あいあむぱんだ,proper noun
あいおいあい,相生あい,proper noun
あいさかしう,藍坂しう,proper noun
あいさかしう,藍坂しう,proper noun
あいじろなぎ,藍白凪,proper noun
あいすれもな,愛栖れもな,proper noun
あいちぇる,あいちぇる,proper noun
あいなぎみい,藍凪みい,proper noun
あいばちはる,愛場チハル,proper noun
あいらてぃりー,天藍ティリー,proper noun
あうりん,あうりん,proper noun
あおいいぬ,あおいいぬ,proper noun
あおいそら,蒼依宙,proper noun
あおいまこ,あおいまこ,proper noun
あおきかき,青木カーキ,proper noun
あおとゆりな,碧音ゆりな,proper noun
あおねかのん,蒼音カノン,proper noun
あおみやもなか,碧宮もなか,proper noun
あかいとみこと,赤糸みこと,proper noun
あかいはあと,赤井はあと,proper noun
あかつきほたる,暁月ホタル,proper noun
あかつきまり,灯月真理,proper noun
あかねあすか,茜あすか,proper noun
あくびでもんすぺーど,あくびでもんすぺーど,proper noun
あさがやりん,阿佐谷リン,proper noun
あさそらおきる,朝空おきる,proper noun
あすあすゆら,あすあすゆら,proper noun
あずき,あずき,proper noun
あたりつづく,与璃つづく,proper noun
あぬびすとーん,あぬびすとーん,proper noun
あまいひびき,甘井ひびき,proper noun
あまかみこのみ,甘狼このみ,proper noun
あませあめいず,天瀬アメイズ,proper noun
あまなりじゅい,甘成じゅい,proper noun
あまねみこと,天猫みこと,proper noun
あまのぴかみぃ,天野ピカミィ,proper noun
あまはねまな,あまはねまな,proper noun
あまはるりら,天春りら,proper noun
あままふうか,甘魔フウカ,proper noun
あまりすず,甘凛すず,proper noun
あめ,雨芽,proper noun
あめいろばにら,雨色ばにら,proper noun
あめみやあゆね,雨宮愛結猫,proper noun
あめみやつゆり,雨宮ツユリ,proper noun
あめめんこ,あめめんこ,proper noun
あやたかあかり,綾鷹あかり,proper noun
あらいりく,新井麗琥,proper noun
あるじちみ,あるじちみ,proper noun
あわいえり,あわいえり,proper noun
あわすずみる,泡清みる,proper noun
あんしんいんみさ,安心院みさ,proper noun
あんどゆげ,杏戸ゆげ,proper noun
あーる,あーる,proper noun
いえなちゃん,いえなちゃん,proper noun
いずきみちる,井月みちる,proper noun
いちごぷりん,いちごぷりん,proper noun
いちごみうく,いちごみうく,proper noun
いちじょうりりか,一条莉々華,proper noun
いっしんふらん,壱神ふらん,proper noun
いぬえもん,イヌえもん,proper noun
いぬがみころね,戌神ころね,proper noun
いまさきけい,今咲ケイ,proper noun
いもとしのはいしんへや,イモトシの配信部屋,proper noun
いもにゃん,いもにゃん,proper noun
いるまねる,入間ねる,proper noun
いろりいろは,いろりいろは,proper noun
いーしぇん,依璇,proper noun
ういちゃんなの,ういちゃんなの,proper noun
うえきがじゅまる,植木がじゅまる,proper noun
うえとあぺり,上戸アペリ,proper noun
うえみねのるじゅ,植峰ノルジュ,proper noun
うさだぺこら,兎田ぺこら,proper noun
うさはなあゆむ,うさはなあゆむ,proper noun
うさみゆの,宇佐美ユノ,proper noun
うさらいと,うさらいと,proper noun
うさりゆに,うさりゆに,proper noun
うずきあわい,渦記アワイ,proper noun
うつみ,うつみ,proper noun
うつみりん,宇津見りん,proper noun
うにちゃんねる,うにちゃん寝る,proper noun
うのはなののち,兎ノ花ののち,proper noun
うみのうた,うみのうた,proper noun
うみべしなの,海辺しなの,proper noun
うりりぃ,うりりぃ,proper noun
えっちゃんっ,えっちゃんっ,proper noun
えのきのこ,えのきのこ,proper noun
おうりゅうりく,応龍りく,proper noun
おおかみみお,大神ミオ,proper noun
おおぞらすばる,大空スバル,proper noun
おかしのかん,おかしのかん,proper noun
おちないいなほ,落乃いなほ,proper noun
おちの,おちの,proper noun
おとぎあず,乙伽あず,proper noun
おとさたあんな,音沙汰あんな,proper noun
おとね,音音,proper noun
おとのせかなで,音乃瀬奏,proper noun
おとはみなみ,音葉みなみ,proper noun
おとみかなで,音海かなで,proper noun
おにのめる,鬼ノめる,proper noun
おにゃんこさま,おにゃんこ様,proper noun
おはなみあんこ,お花見あんこ,proper noun
おぼろこま,尾幌こま,proper noun
おまるぽるか,尾丸ポルカ,proper noun
おむくみ,おむくみ,proper noun
おもちたむ,王猛ちたむ,proper noun
おわりのむくろ,終末むくろ,proper noun
かいおんえびこ,海音えびこ,proper noun
かいどうてん,回胴てん,proper noun
かがりやれんま,火狩夜れんま,proper noun
かげつなる,華月鳴,proper noun
かげろうあいと,影狼アイト,proper noun
かざまいろは,風真いろは,proper noun
かしこいわんこ,かしこいワンコ,proper noun
かしこまり,かしこまり,proper noun
かしまあかり,鹿島あかり,proper noun
かしまじぎたりす,鹿島ジギタリス,proper noun
かずうちあたる,数打あたる,proper noun
かぜぐすり,かぜぐすり,proper noun
かぜしろゆき,風白ゆき,proper noun
かたわぎ,片和木,proper noun
かちゅう,かちゅう,proper noun
かっとまんです,カットマンです,proper noun
かふうしんま,珈風シンマ,proper noun
かぷりんこ,かぷりんこ,proper noun
かもみかもみ,鴨見カモミ,proper noun
からすばこめまる,鴉羽米丸,proper noun
かんばらりあ,神原リア,proper noun
ききららびび,綺々羅々ヴィヴィ,proper noun
きさきれい,紀咲れい,proper noun
きさらぎみゅ,如月海結,proper noun
きのずみそたろう,木鼠そたろう,proper noun
きゃろちゃんねる,キャロちゃんねる,proper noun
きゅうけつきあり,吸血きあり,proper noun
きゅうしゅうはしる,九州ハシル,proper noun
きょん,虚雀きょん,proper noun
きよらかふわり,明鏡止水ふわり,proper noun
きらほえる,吉良ほえる,proper noun
きりゅうここ,桐生ココ,proper noun
きんかんひじき,金環ひじき,proper noun
ぎゃるかん,ぎゃるかん,proper noun
くじくじあ,久慈くじあ,proper noun
くすのきとおる,楠木トヲル,proper noun
くすらど,久栖ラド,proper noun
くまこいべりぃ,熊恋べりぃ,proper noun
くまちゃんねる,くまちゃんねる,proper noun
くまのくみ,熊乃くみ,proper noun
くまのにい,くまのにい,proper noun
くもたつい,雲多つい,proper noun
くらげそら,海月そら,proper noun
くるりきの,くるりきの,proper noun
くるるてんてー,くるるてんてー,proper noun
くれあしゅり,紅愛しゅり,proper noun
くれはまだい,紅波マダイ,proper noun
くろかげみあ,黒鹿毛ミア,proper noun
くろさきたいが,黒崎タイガ,proper noun
くろさきゆかり,黒咲ゆかり,proper noun
ぐんじょうろまん,群青ロマン,proper noun
けろちゃんだぞ,けろちゃんだぞ,proper noun
げんとうぱんぷ,幻灯ぱんぷ,proper noun
こがねまあじ,黄金マアジ,proper noun
こげたま,こげたま,proper noun
ここる,ここる,proper noun
こずみありさ,心摘ありさ,proper noun
こせきびじゅう,古石ビジュー,proper noun
ことみやいおり,琴宮いおり,proper noun
このみやあおい,このみやあおい,proper noun
こめっとちゃ,こめっとちゃ,proper noun
こもりぎん,こもりぎん,proper noun
こゆき,こゆき,proper noun
こんぶにこむ,昆布にこむ,proper noun
ごんざれすみれな,ゴンザレスみれな,proper noun
さかまたくろえ,沙花叉クロヱ,proper noun
さくらみこ,さくらみこ,proper noun
さささきゆき,佐々咲ユキ,proper noun
ささささみ,ささささみ,proper noun
さつきほたる,咲月ほたる,proper noun
さとうあにめ,佐藤あにめ,proper noun
さとうらむね,佐藤らむね,proper noun
ざしきのわらく,座敷乃笑ク,proper noun
しおぐらむ,しおぐらむ,proper noun
しおこうじ,しおこうじ,proper noun
しがねる,志賀ねる,proper noun
しきもりことり,四季森ことり,proper noun
ししがみれおな,獅子神レオナ,proper noun
ししがみれおな,獅子神レオナ,proper noun
ししろぼたん,獅白ぼたん,proper noun
しそなっとう,しそ納豆,proper noun
しちじょうながれ,七条ながれ,proper noun
しちはちぷてら,漆八ぷてら,proper noun
しでんらいむ,紫電ライム,proper noun
しとりきこ,しとりきこ,proper noun
しもん,史門,proper noun
しゃれこうべほねまろ,しゃれこうべホネまろ,proper noun
しゅうしょううつつ,周章うつつ,proper noun
しらかみふぶき,白上フブキ,proper noun
しらさきすのう,白咲スノー,proper noun
しらさきぱりむ,白咲ぱりむ,proper noun
しらせすいな,白瀬スイナ,proper noun
しらぬいふれあ,不知火フレア,proper noun
しらほしあわわ,白星あわわ,proper noun
しらぽん,紫蘭ポン,proper noun
しろがねのえる,白銀ノエル,proper noun
しろがねりゅぜ,白鐘リュゼ,proper noun
しろきらくと,城綺來玖,proper noun
しろの,しろの,proper noun
しーはむ,しーはむ,proper noun
しーらたそ,シーラたそ,proper noun
じとみものえ,磁富モノエ,proper noun
じゅうふうていらでん,儒烏風亭らでん,proper noun
すいおんあめ,翠音あめ,proper noun
すいせいすぴな,穂星スピナ,proper noun
すいらんがう,翠狼がう,proper noun
すかぽんぽこぽん,すかぽんぽこぽん,proper noun
すきやばしれんげ,数寄屋橋れんげ,proper noun
すくたれ,すくたれ,proper noun
すずね,すずね,proper noun
すずのねろぺ,鈴乃音ロペ,proper noun
すずめどん,すずめどん,proper noun
すたーべあ,すたーべあ,proper noun
すまどの,すまどの,proper noun
ずいほういんはがね,瑞鳳院はがね,proper noun
せなちろる,瀬名ちろる,proper noun
せりなずにゃ,せりなずにゃ,proper noun
せれーね,せれーね,proper noun
せんこつ,せんこつ,proper noun
せんしばんこう,千紫万紅,proper noun
せんにんてー,仙人亭,proper noun
ぜんがくさんぱろう,善額サンパロー,proper noun
そうだこすも,爽田こすも,proper noun
そうみょうしおん,双猫しおん,proper noun
そなたああああああ,そなたああああああ,proper noun
そらゆめなつき,空夢ナツキ,proper noun
たいようまる,たいようまる,proper noun
たうたゆくも,朶詩ゆくも,proper noun
たかあしがにぴーす,高足蟹ぴーす,proper noun
たかなしきあら,小鳥遊キアラ,proper noun
たかねるい,鷹嶺ルイ,proper noun
たちみぼしまきり,辰星マキリ,proper noun
たてわきいでら,帯刀イデラ,proper noun
たまもちかずよ,玉餅かずよ,proper noun
ちぃぬな,ちぃぬな,proper noun
ちとせあるた,千歳アルタ,proper noun
ちとせちゃむ,千愛ちゃむ,proper noun
ちとせです,ちとせです,proper noun
ちねんせいら,智念せいら,proper noun
ちゃこりぐれ,茶氷グレ,proper noun
ちゃちゃまるちゃる,茶々丸ちゃる,proper noun
ちゃーず,ちゃーず,proper noun
ちゃーちゃん,ちゃーちゃん,proper noun
ちょこみ,ちょこみ,proper noun
ちょものはいしん,ちょもの配信,proper noun
ちーちゃんん,ちーちゃんん,proper noun
つきあめせいか,月雨セイカ,proper noun
つきがみれん,月皇レン,proper noun
つきとらび,月兎らび,proper noun
つきのおとかのん,月ノ音かのん,proper noun
つきのるか,月乃るか,proper noun
つきみやゆむ,月宮ゆむ,proper noun
つきよいあび,月宵あび,proper noun
つくしありあ,月紫アリア,proper noun
つくもさな,九十九佐命,proper noun
つのまきわため,角巻わため,proper noun
つゆりいろ,栗花落いろ,proper noun
てぃるちゃんねる,てぃるちゃんねる,proper noun
ていおんかさね,蹄音かさね,proper noun
てと,海ヶ咲てと,proper noun
てんしさたん,天使サたん,proper noun
でうす,でうす,proper noun
でみたす,でみたす,proper noun
とあっっ,とあっっ,proper noun
とおこ,とおこ,proper noun
とおのおと,透乃おと,proper noun
とかげめい,蜥影メイ,proper noun
とがりせにゃ,尖苅せにゃ,proper noun
ときはしう,時羽しう,proper noun
ときろわたる,時路ワタル,proper noun
とこやみとわ,常闇トワ,proper noun
とどろきとま,轟冬真,proper noun
とどろきはじめ,轟はじめ,proper noun
とばりら,計羽リーラ,proper noun
とまちょむ,とまちょむ,proper noun
ともちんぴ,ともちんぴ,proper noun
どうめきゆえん,百目鬼ユエン,proper noun
どらごのげえむとざつだん,ドラゴのゲームと雑談,proper noun
なかむらぬるぴ,中村ぬるぴ,proper noun
なかもとおまち,なかもとおまち,proper noun
なかもとちゃん,なかもとちゃん,proper noun
なすまつり,ナス祭り,proper noun
なついろまつり,夏色まつり,proper noun
なつかわひのり,夏河ひのり,proper noun
なつきすず,夏樹すず,proper noun
なつみやらむね,夏宮らむね,proper noun
なつめせんせい,なつめ先生,proper noun
ななきす,ななきす,proper noun
ななしむめい,七詩ムメイ,proper noun
ななはぴ,ななはぴ,proper noun
なまほしちゃん,なまほしちゃん,proper noun
なみあやせな,波綾セナ,proper noun
なるこらいち,鳴子ライチ,proper noun
なるせりん,成瀬凛,proper noun
にいた,ニー太,proper noun
にしのみやふさぎ,西宮フサギ,proper noun
にゃのさま,にゃのさま,proper noun
にゃほろばとばり,猫滅刃とばり,proper noun
にらかめ,にらかめ,proper noun
ぬく,ぬく,proper noun
ねおぴんく,ねおぴんく,proper noun
ねけまる,ねけまる,proper noun
ねこあいす,ねこあいす,proper noun
ねこかいみなと,猫飼ミナト,proper noun
ねこかわきらり,猫川きらり,proper noun
ねこさんだよ,ねこさんだよ,proper noun
ねこはゆけむり,猫羽ゆけむり,proper noun
ねこまたおかゆ,猫又おかゆ,proper noun
ねこみずなーこ,猫水なーこ,proper noun
ねこみずみかん,猫水みかん,proper noun
ねこみやおもち,猫宮おもち,proper noun
ねこみやにゃぽち,猫宮にゃぽち,proper noun
ねこめぐんそう,ねこめぐんそう,proper noun
ねこめっしゅ,ねこめっしゅ,proper noun
ねこやまぽーら,猫山ポーラ,proper noun
ねこらにゃる,猫雷にゃる,proper noun
ねころんぱん,ねころんぱん,proper noun
ねごとどれみ,音琴どれみ,proper noun
ねっこちゃん,ネッコちゃん,proper noun
のなめっくす,のなめっくす,proper noun
のののにに,野々乃にに,proper noun
はいいろ,はい_いろ_,proper noun
はいぱーあんこ,ハイパーあんこ,proper noun
はかないるびぃ,儚依るびぃ,proper noun
はがまちつまみ,羽ヶ町つまみ,proper noun
はぎやのあ,はぎやのあ,proper noun
はくいこより,博衣こより,proper noun
はすみしおり,羽澄しおり,proper noun
はたたてふうか,旗立ふうか,proper noun
はちえもん,はちえもん,proper noun
はっかめんた,薄荷めんた,proper noun
はっかやで,はっかやで,proper noun
はづきちろる,羽月ちろる,proper noun
はとぽっぽ,はとぽっぽ,proper noun
はなかげりな,花影りな,proper noun
はなかなた,はなかなた,proper noun
はながさあるみ,花傘あるみ,proper noun
はなざわなこ,華澤なこ,proper noun
はなぞのさやか,花園さやか,proper noun
はなぞのみんと,花園みんと,proper noun
はなみやかるた,花宮かるた,proper noun
はねうずみうねる,羽渦ミウネル,proper noun
はねざかあかね,羽坂あかね,proper noun
はねりこ,はねりこ,proper noun
はむむま,はむむま,proper noun
はむらいは,羽夢らいは,proper noun
はりちゃ,はりちゃ,proper noun
はるさきのどか,春先のどか,proper noun
はるたにみさき,春谷実咲,proper noun
はるやまきんぐだむ,春山キングダム,proper noun
はれのうる,晴野うる,proper noun
ばけちん,ばけちん,proper noun
ばぢ,ばぢ,proper noun
ぱにーに,ぱにーに,proper noun
ぱぺっとがうちゃん,ぱぺっとがうちゃん,proper noun
ぱわぁぱふこだま,ぱわぁぱふこだま,proper noun
ひさきゆう,ひさきゆう,proper noun
ひしもちのら,菱餅ノーラ,proper noun
ひじきのごはん,ひじきのごはん,proper noun
ひだまりのは,陽珠リノハ,proper noun
ひなさきゅ,ひなサキュ,proper noun
ひなせつきは,日名瀬つきは,proper noun
ひなたあり,陽葵アリ,proper noun
ひのみやひまり,緋ノ宮ヒマリ,proper noun
ひまもりぽた,向日守ぽた,proper noun
ひめきゃっと,ひめきゃっと,proper noun
ひめもりるうな,姫森ルーナ,proper noun
ひーたそ,ひーたそ,proper noun
びびちゃんだよ,ビビちゃんだよ,proper noun
ぴいぬな,ぴいぬな,proper noun
ぴょぬこ,ぴょぬこ,proper noun
ぴょむ,ぴょむ,proper noun
ぴろりげむず,ぴろりゲームズ,proper noun
ふたあいしぃあ,二藍しぃあ,proper noun
ふゆうみかごめ,冬海かごめ,proper noun
ぶるしゃと,ぶるしゃと,proper noun
へこたれるな,凹太れるな,proper noun
べにを,べにを,proper noun
べむ,べむ,proper noun
ぺたにーる,ぺたにーる,proper noun
ほうしょうまりん,宝鐘マリン,proper noun
ほうづみいなり,八月朔日いなり,proper noun
ほしかげらぴす,星影ラピス,proper noun
ほしくずぷらね,星屑ぷらね,proper noun
ほしのにあ,星野ニア,proper noun
ほしばおんぷ,星喰おんぷ,proper noun
ほしまちすいせい,星街すいせい,proper noun
ほしみくり,星衣未空莉,proper noun
ほんだぽこ,本多ぽこ,proper noun
ぼくじゅーるすずり,ボクジュールすずり,proper noun
ぼっちやぎちゃん,ぼっちやぎちゃん,proper noun
ぽてぃこ,ぽてぃこ,proper noun
ぽぴんく,ぽぴんく,proper noun
ぽめにあ,ぽめにあ,proper noun
ぽんちめん,ぽんちめん,proper noun
まいくろさんだよ,まいくろさんだよ,proper noun
まいまぃ,まいまぃ,proper noun
まきぴ,まきぴ,proper noun
まぐまぐです,まぐまぐです,proper noun
まけなしぐぬぬ,常勝無敗ぐぬぬ,proper noun
まごもまごもり,孫守まごも,proper noun
またあしたね,またあしたね,proper noun
まつよいつくし,待宵つくし,proper noun
まどろみちの,微睡いちの,proper noun
まなせもあ,愛瀬もあ,proper noun
まなんぐ,まなんぐ,proper noun
まねこののあ,魔猫ノのあ,proper noun
まめこな,豆こな,proper noun
まよなかまよい,迷夜中マヨイ,proper noun
まるなのだっ,まるなのだッ,proper noun
みあえる,みあえる,proper noun
みぃぽん,みぃぽん〇,proper noun
みいぽこ,みいぽこ,proper noun
みかみこん,巫神こん,proper noun
みく,巫狗,proper noun
みこしばかきょう,御子柴かきょう,proper noun
みしおもるふ,海汐もるふ,proper noun
みずいろあくあ,水色あくあ,proper noun
みずかみそうた,水上蒼太,proper noun
みずみやす,水宮枢,proper noun
みたぐん,みぃ太軍,proper noun
みつきゆきの,美月ユキノ,proper noun
みつきりんご,みつきりんご,proper noun
みつばちはにちゃん,みつばちはにちゃん,proper noun
みつばちゃん,みつばちゃん,proper noun
みつみ,みつみ_,proper noun
みなかみやまめ,水上やまめ,proper noun
みなみうみ,水波うみ,proper noun
みなみちゃんねる,ミナミちゃんねる,proper noun
みゆぱん,みゆぱん,proper noun
みーこ,みーこ,proper noun
むちまる,むちまる,proper noun
めこさま,めこさま,proper noun
めしあくん,メシア君,proper noun
めちゃんまん,めちゃんまん,proper noun
めとめあう,銘兎目あう,proper noun
めとめあう,銘兎目あう,proper noun
めめたんちゃん,めめたんちゃん,proper noun
めもあ,めもあ,proper noun
めろんちゃ,めろんちゃ,proper noun
もこたん,もこたん,proper noun
もずくまる,もずくまる,proper noun
もちこ,餅星もちこ,proper noun
もちつけぬるぽ,餅付ぬるぽ,proper noun
もちぬこもちせいじん,もちぬこもち星人,proper noun
もちのさや,餅乃さや,proper noun
もちもちぃ,もちもちぃ,proper noun
もちゆず,もちゆず,proper noun
もっちーもちもち,もっちーもちもち,proper noun
もつく,もつく,proper noun
ももかわにじます,桃川ニジマス,proper noun
ももかん,ももかん,proper noun
ももすずねね,桃鈴ねね,proper noun
ももぞのりえる,桃園りえる,proper noun
ももはなすい,桃花スイ,proper noun
ももはねひでまる,桃羽ひでまる,proper noun
ももひななの,桃雛なの,proper noun
もりかりおぺ,森カリオペ,proper noun
もりずきよつば,森月よつば,proper noun
もりのめるん,森野めるん,proper noun
やかましいろは,喧詩いろは,proper noun
やがみりりか,八神りりか,proper noun
やぎのめぇ,八木ノめぇ,proper noun
やくしのしの,薬師乃しの,proper noun
やしまゆえ,やしまゆえ,proper noun
やなぎもとひすい,柳本翡翠,proper noun
やなちひめ,やなちひめ,proper noun
やなふ,やなふ,proper noun
ゆきのこゆり,雪乃恋莉,proper noun
ゆきふくまる,ゆきふくまる,proper noun
ゆきみやひいろ,雪宮ひいろ,proper noun
ゆきめるみ,雪芽るみ,proper noun
ゆきめるみ,雪芽るみ,proper noun
ゆずきさみぃ,結月さみぃ,proper noun
ゆずねのあ,柚音ノア,proper noun
ゆずはにー,ゆずはにー,proper noun
ゆっきんだよ,ゆっきんだよ,proper noun
ゆづきちょこ,癒月ちょこ,proper noun
ゆなっこ,ゆなっこ,proper noun
ゆに,ゆに,proper noun
ゆぴらし,ゆぴらし,proper noun
ゆめかわ,夢河,proper noun
ゆめみむむ,夢見むむ,proper noun
ゆめみやはるか,夢宮春歌,proper noun
ゆもちょむ,ゆもちょむ,proper noun
ゆゆゆら,幽々ゆら,proper noun
ゆらぎゆら,ゆらぎゆら,proper noun
よいさめりと,宵雨りと,proper noun
よいまちつき,宵待ツキ,proper noun
よかぐらびゃっこ,夜神楽ビャッコ,proper noun
よしだくりこ,吉田クリコ,proper noun
よすみかく,よすみカク,proper noun
よらのやや,夜来やや,proper noun
らにっくす,らにっくす,proper noun
らむべりぃ,らむべりぃ,proper noun
らんきゃん,らんきゃん,proper noun
らんれい,蘭麗(Ranrei),proper noun
りえぺこ,りえぺこ,proper noun
りこ,りこ,proper noun
りこぴんーーー,りこぴんーーー,proper noun
りなぴこんちょす,りなぴこんちょす,proper noun
りゅうがはまゆえ,龍ヶ浜ゅぇ,proper noun
りゅうたきいろは,竜滝いろは,proper noun
りゅんりゅん,りゅんりゅん,proper noun
りょうこくつかさ,領国つかさ,proper noun
りりか,りりか,proper noun
りんごすい,りんご水,proper noun
りんどうちはや,輪堂千速,proper noun
りんまろ,りんまろ,proper noun
りんめいめい,林苺苺,proper noun
りーのすけのすけ,りーのすけのすけ,proper noun
るい,琴坂るい,proper noun
るおんです,るおんです,proper noun
るかこっこ,るかこっこ,proper noun
るき,琉希,proper noun
るなせんしゅ,るなせんしゅ,proper noun
るり,瑠莉_,proper noun
るーしえる,るーしえる,proper noun
るーちゃん,るーちゃん,proper noun
るーるるるたぁあん,るーるるるたぁあん,proper noun
れうちゃん,れうちゃん,proper noun
れこまる,れこまる,proper noun
れなまるてぃ,れなまるてぃ,proper noun
れみかりちゅまおう,レミかりちゅま王,proper noun
ろあさまだ,ろあさまだ,proper noun
ろなしー,ろなしー,proper noun
ろんげちゃん,ろんげちゃん,proper noun
わたみやあひる,綿宮あひる,proper noun
んとちゃん,んとちゃん,proper noun
